feature,chi2,p_value,dof
Property_Area,12.297623130485675,0.0021360187811644937,2
Married,4.475019348315097,0.03439381301579988,1
Education,4.091490413303621,0.04309962129357355,1
Dependents,3.158339770698263,0.3678506740863211,3
Gender,0.13962612116543877,0.7086529816451106,1
Self_Employed,0.0,1.0,1
