feature,t_stat,p_value,mean_1,mean_0
Credit_History,11.58837392986273,7.834926364936846e-24,0.9818181818181818,0.5418994413407822
CoapplicantIncome,-1.131273122162148,0.2591434943328267,1504.516398077346,1877.8072916666667
LoanAmount,-0.9055203814588048,0.3658258149740464,144.29440389294405,151.22099447513813
Loan_Amount_Term,-0.502622101543557,0.6155662579189376,341.07246376811594,344.06451612903226
ApplicantIncome,-0.10944913176213944,0.9129148547301199,5384.068720379147,5446.078125
